program	x_size	y_size	time	mean	sd
biojsmsa	1024	100	1.29804846102	1.25471693702	0.04095405823898964
biojsmsa	1024	100	1.20932757302	1.25471693702	0.04095405823898964
biojsmsa	1024	100	1.22281745702	1.25471693702	0.04095405823898964
biojsmsa	1024	100	1.29637250202	1.25471693702	0.04095405823898964
biojsmsa	1024	100	1.21760548602	1.25471693702	0.04095405823898964
biojsmsa	1024	100	1.32177803302	1.25471693702	0.04095405823898964
biojsmsa	1024	100	1.20983917102	1.25471693702	0.04095405823898964
biojsmsa	1024	100	1.25639950102	1.25471693702	0.04095405823898964
biojsmsa	1024	100	1.24171317102	1.25471693702	0.04095405823898964
biojsmsa	1024	100	1.27326801502	1.25471693702	0.04095405823898964
biojsmsa	1048576	100	109.2883472651	111.165412532	2.7363184116063115
biojsmsa	1048576	100	111.9388280041	111.165412532	2.7363184116063115
biojsmsa	1048576	100	113.37509486809999	111.165412532	2.7363184116063115
biojsmsa	1048576	100	112.30965802909999	111.165412532	2.7363184116063115
biojsmsa	1048576	100	107.29096943409999	111.165412532	2.7363184116063115
biojsmsa	1048576	100	108.9557063721	111.165412532	2.7363184116063115
biojsmsa	1048576	100	114.1711329921	111.165412532	2.7363184116063115
biojsmsa	1048576	100	110.8075580261	111.165412532	2.7363184116063115
biojsmsa	1048576	100	108.0629059611	111.165412532	2.7363184116063115
biojsmsa	1048576	100	115.4539243681	111.165412532	2.7363184116063115
biojsmsa	128	100	1.17580143314	1.18385617724	0.03361753152090908
biojsmsa	128	100	1.13305661814	1.18385617724	0.03361753152090908
biojsmsa	128	100	1.12996069114	1.18385617724	0.03361753152090908
biojsmsa	128	100	1.17516127714	1.18385617724	0.03361753152090908
biojsmsa	128	100	1.19637142514	1.18385617724	0.03361753152090908
biojsmsa	128	100	1.23089293114	1.18385617724	0.03361753152090908
biojsmsa	128	100	1.20072556314	1.18385617724	0.03361753152090908
biojsmsa	128	100	1.19933757214	1.18385617724	0.03361753152090908
biojsmsa	128	100	1.22328222614	1.18385617724	0.03361753152090908
biojsmsa	128	100	1.17397203514	1.18385617724	0.03361753152090908
biojsmsa	131072	100	11.41556752728	11.48446380518	0.2755580193970036
biojsmsa	131072	100	12.235218271279999	11.48446380518	0.2755580193970036
biojsmsa	131072	100	11.429935111279999	11.48446380518	0.2755580193970036
biojsmsa	131072	100	11.435064130279999	11.48446380518	0.2755580193970036
biojsmsa	131072	100	11.447896499279999	11.48446380518	0.2755580193970036
biojsmsa	131072	100	11.43056465928	11.48446380518	0.2755580193970036
biojsmsa	131072	100	11.39704425728	11.48446380518	0.2755580193970036
biojsmsa	131072	100	11.39984649228	11.48446380518	0.2755580193970036
biojsmsa	131072	100	11.46958933028	11.48446380518	0.2755580193970036
biojsmsa	131072	100	11.18391177328	11.48446380518	0.2755580193970036
biojsmsa	16384	100	2.4737791345600004	2.70097371616	0.7316064117615575
biojsmsa	16384	100	2.47366232356	2.70097371616	0.7316064117615575
biojsmsa	16384	100	2.52013489156	2.70097371616	0.7316064117615575
biojsmsa	16384	100	2.47228001256	2.70097371616	0.7316064117615575
biojsmsa	16384	100	2.54014841056	2.70097371616	0.7316064117615575
biojsmsa	16384	100	2.43458418356	2.70097371616	0.7316064117615575
biojsmsa	16384	100	2.41656334956	2.70097371616	0.7316064117615575
biojsmsa	16384	100	2.5094499525600003	2.70097371616	0.7316064117615575
biojsmsa	16384	100	2.3901919685600004	2.70097371616	0.7316064117615575
biojsmsa	16384	100	4.77894293456	2.70097371616	0.7316064117615575
biojsmsa	2048	100	1.36486987708	1.3631127193800001	0.06146617090961366
biojsmsa	2048	100	1.34105248108	1.3631127193800001	0.06146617090961366
biojsmsa	2048	100	1.27677160908	1.3631127193800001	0.06146617090961366
biojsmsa	2048	100	1.3127762330800001	1.3631127193800001	0.06146617090961366
biojsmsa	2048	100	1.44650110608	1.3631127193800001	0.06146617090961366
biojsmsa	2048	100	1.46813150408	1.3631127193800001	0.06146617090961366
biojsmsa	2048	100	1.29573294108	1.3631127193800001	0.06146617090961366
biojsmsa	2048	100	1.39460809308	1.3631127193800001	0.06146617090961366
biojsmsa	2048	100	1.36544856608	1.3631127193800001	0.06146617090961366
biojsmsa	2048	100	1.36523478308	1.3631127193800001	0.06146617090961366
biojsmsa	256	100	1.36878588706	1.23447730556	0.05416336468222768
biojsmsa	256	100	1.21176305206	1.23447730556	0.05416336468222768
biojsmsa	256	100	1.24567307506	1.23447730556	0.05416336468222768
biojsmsa	256	100	1.2764125400600002	1.23447730556	0.05416336468222768
biojsmsa	256	100	1.2099728060600001	1.23447730556	0.05416336468222768
biojsmsa	256	100	1.20782989406	1.23447730556	0.05416336468222768
biojsmsa	256	100	1.21334146206	1.23447730556	0.05416336468222768
biojsmsa	256	100	1.22619762606	1.23447730556	0.05416336468222768
biojsmsa	256	100	1.20967957806	1.23447730556	0.05416336468222768
biojsmsa	256	100	1.17511713506	1.23447730556	0.05416336468222768
biojsmsa	262144	100	22.0479416541	21.937999519599998	0.16942520105151432
biojsmsa	262144	100	21.9011166611	21.937999519599998	0.16942520105151432
biojsmsa	262144	100	22.3146526371	21.937999519599998	0.16942520105151432
biojsmsa	262144	100	21.870808477100002	21.937999519599998	0.16942520105151432
biojsmsa	262144	100	21.8184278341	21.937999519599998	0.16942520105151432
biojsmsa	262144	100	21.8552504661	21.937999519599998	0.16942520105151432
biojsmsa	262144	100	21.709353605100002	21.937999519599998	0.16942520105151432
biojsmsa	262144	100	21.8364763001	21.937999519599998	0.16942520105151432
biojsmsa	262144	100	22.055044882100002	21.937999519599998	0.16942520105151432
biojsmsa	262144	100	21.9709226791	21.937999519599998	0.16942520105151432
biojsmsa	32768	100	3.71943436708	3.7008162532799993	0.058913823075466554
biojsmsa	32768	100	3.66527026108	3.7008162532799993	0.058913823075466554
biojsmsa	32768	100	3.72993065608	3.7008162532799993	0.058913823075466554
biojsmsa	32768	100	3.71651143908	3.7008162532799993	0.058913823075466554
biojsmsa	32768	100	3.72713578108	3.7008162532799993	0.058913823075466554
biojsmsa	32768	100	3.7030737500799997	3.7008162532799993	0.058913823075466554
biojsmsa	32768	100	3.66409246208	3.7008162532799993	0.058913823075466554
biojsmsa	32768	100	3.68823790308	3.7008162532799993	0.058913823075466554
biojsmsa	32768	100	3.81191823808	3.7008162532799993	0.058913823075466554
biojsmsa	32768	100	3.58255767508	3.7008162532799993	0.058913823075466554
biojsmsa	4096	100	1.6336751546600001	1.5414099166600002	0.04728878680019122
biojsmsa	4096	100	1.5371532086600002	1.5414099166600002	0.04728878680019122
biojsmsa	4096	100	1.52905229266	1.5414099166600002	0.04728878680019122
biojsmsa	4096	100	1.48171232666	1.5414099166600002	0.04728878680019122
biojsmsa	4096	100	1.57818844366	1.5414099166600002	0.04728878680019122
biojsmsa	4096	100	1.5169211936600002	1.5414099166600002	0.04728878680019122
biojsmsa	4096	100	1.55032603966	1.5414099166600002	0.04728878680019122
biojsmsa	4096	100	1.49755675066	1.5414099166600002	0.04728878680019122
biojsmsa	4096	100	1.5005912916600002	1.5414099166600002	0.04728878680019122
biojsmsa	4096	100	1.5889224646600002	1.5414099166600002	0.04728878680019122
biojsmsa	512	100	1.3295637686400001	1.24803991324	0.04887728660434051
biojsmsa	512	100	1.2088948696400001	1.24803991324	0.04887728660434051
biojsmsa	512	100	1.2564207116400001	1.24803991324	0.04887728660434051
biojsmsa	512	100	1.22615974164	1.24803991324	0.04887728660434051
biojsmsa	512	100	1.20934632564	1.24803991324	0.04887728660434051
biojsmsa	512	100	1.30547810364	1.24803991324	0.04887728660434051
biojsmsa	512	100	1.28710321164	1.24803991324	0.04887728660434051
biojsmsa	512	100	1.18898872364	1.24803991324	0.04887728660434051
biojsmsa	512	100	1.27015404564	1.24803991324	0.04887728660434051
biojsmsa	512	100	1.1982896306400002	1.24803991324	0.04887728660434051
biojsmsa	524288	100	44.08398732698	43.46466911628	0.6633065342777857
biojsmsa	524288	100	44.97095179098	43.46466911628	0.6633065342777857
biojsmsa	524288	100	43.39799997398	43.46466911628	0.6633065342777857
biojsmsa	524288	100	43.20034383098	43.46466911628	0.6633065342777857
biojsmsa	524288	100	43.72848918798	43.46466911628	0.6633065342777857
biojsmsa	524288	100	43.19805667398	43.46466911628	0.6633065342777857
biojsmsa	524288	100	43.29817681198	43.46466911628	0.6633065342777857
biojsmsa	524288	100	42.942083207980005	43.46466911628	0.6633065342777857
biojsmsa	524288	100	42.61038806898	43.46466911628	0.6633065342777857
biojsmsa	524288	100	43.21621428898	43.46466911628	0.6633065342777857
biojsmsa	65536	100	6.3307471624	6.8188232814	0.5146901093226153
biojsmsa	65536	100	7.2793727944	6.8188232814	0.5146901093226153
biojsmsa	65536	100	6.4158341624	6.8188232814	0.5146901093226153
biojsmsa	65536	100	7.4535686894	6.8188232814	0.5146901093226153
biojsmsa	65536	100	6.3461878274000005	6.8188232814	0.5146901093226153
biojsmsa	65536	100	7.3473235704	6.8188232814	0.5146901093226153
biojsmsa	65536	100	6.3006816654	6.8188232814	0.5146901093226153
biojsmsa	65536	100	6.9513876064	6.8188232814	0.5146901093226153
biojsmsa	65536	100	6.346815550400001	6.8188232814	0.5146901093226153
biojsmsa	65536	100	7.4163137854	6.8188232814	0.5146901093226153
biojsmsa	8192	100	1.8690538782000001	1.8754063649000003	0.026169569001209852
biojsmsa	8192	100	1.8646529532	1.8754063649000003	0.026169569001209852
biojsmsa	8192	100	1.8930204842000002	1.8754063649000003	0.026169569001209852
biojsmsa	8192	100	1.8512272922000002	1.8754063649000003	0.026169569001209852
biojsmsa	8192	100	1.9311137642000002	1.8754063649000003	0.026169569001209852
biojsmsa	8192	100	1.8825913572000001	1.8754063649000003	0.026169569001209852
biojsmsa	8192	100	1.8376062812	1.8754063649000003	0.026169569001209852
biojsmsa	8192	100	1.8566701682000002	1.8754063649000003	0.026169569001209852
biojsmsa	8192	100	1.8878062212000002	1.8754063649000003	0.026169569001209852
biojsmsa	8192	100	1.8803212492000003	1.8754063649000003	0.026169569001209852
jalview	1024	100	21.73421082224	16.62333056924	3.9573362315243816
jalview	1024	100	14.34459326724	16.62333056924	3.9573362315243816
jalview	1024	100	22.66086311124	16.62333056924	3.9573362315243816
jalview	1024	100	19.31100181624	16.62333056924	3.9573362315243816
jalview	1024	100	12.717847087240001	16.62333056924	3.9573362315243816
jalview	1024	100	13.00824394724	16.62333056924	3.9573362315243816
jalview	1024	100	13.692832987240001	16.62333056924	3.9573362315243816
jalview	1024	100	20.57453008224	16.62333056924	3.9573362315243816
jalview	1024	100	14.66247461624	16.62333056924	3.9573362315243816
jalview	1024	100	13.526707955240001	16.62333056924	3.9573362315243816
jalview	128	100	22.74218600588	16.836330039779998	4.065711463792098
jalview	128	100	22.29067245388	16.836330039779998	4.065711463792098
jalview	128	100	19.09973319488	16.836330039779998	4.065711463792098
jalview	128	100	20.90362637388	16.836330039779998	4.065711463792098
jalview	128	100	16.18813393688	16.836330039779998	4.065711463792098
jalview	128	100	12.68260998388	16.836330039779998	4.065711463792098
jalview	128	100	12.51396585788	16.836330039779998	4.065711463792098
jalview	128	100	13.11748173488	16.836330039779998	4.065711463792098
jalview	128	100	13.89352267988	16.836330039779998	4.065711463792098
jalview	128	100	14.93136817588	16.836330039779998	4.065711463792098
jalview	131072	100	56.638830388820004	54.24246512822	3.9878405021529852
jalview	131072	100	59.05578671982	54.24246512822	3.9878405021529852
jalview	131072	100	56.295777923820005	54.24246512822	3.9878405021529852
jalview	131072	100	55.32756536182	54.24246512822	3.9878405021529852
jalview	131072	100	46.896705883820005	54.24246512822	3.9878405021529852
jalview	131072	100	58.73749071182	54.24246512822	3.9878405021529852
jalview	131072	100	53.729293658820005	54.24246512822	3.9878405021529852
jalview	131072	100	53.79140400282	54.24246512822	3.9878405021529852
jalview	131072	100	48.44128520682	54.24246512822	3.9878405021529852
jalview	131072	100	53.51051142382	54.24246512822	3.9878405021529852
jalview	16384	100	20.7039771673	20.3663976854	3.228453412546305
jalview	16384	100	24.7174728323	20.3663976854	3.228453412546305
jalview	16384	100	24.8326039413	20.3663976854	3.228453412546305
jalview	16384	100	18.112409483300002	20.3663976854	3.228453412546305
jalview	16384	100	19.5225329193	20.3663976854	3.228453412546305
jalview	16384	100	24.8292819233	20.3663976854	3.228453412546305
jalview	16384	100	16.8634375323	20.3663976854	3.228453412546305
jalview	16384	100	18.133929712300002	20.3663976854	3.228453412546305
jalview	16384	100	17.5251153463	20.3663976854	3.228453412546305
jalview	16384	100	18.4232159963	20.3663976854	3.228453412546305
jalview	2048	100	14.91528910684	14.736315844039998	2.1385052952707313
jalview	2048	100	13.20569717484	14.736315844039998	2.1385052952707313
jalview	2048	100	13.49012144284	14.736315844039998	2.1385052952707313
jalview	2048	100	13.99727804584	14.736315844039998	2.1385052952707313
jalview	2048	100	13.318055699839999	14.736315844039998	2.1385052952707313
jalview	2048	100	16.66819716884	14.736315844039998	2.1385052952707313
jalview	2048	100	14.04883908684	14.736315844039998	2.1385052952707313
jalview	2048	100	13.598000601839999	14.736315844039998	2.1385052952707313
jalview	2048	100	14.03049329484	14.736315844039998	2.1385052952707313
jalview	2048	100	20.09118681784	14.736315844039998	2.1385052952707313
jalview	256	100	22.279295333439997	15.686125584440003	3.8084103522153088
jalview	256	100	14.04994924344	15.686125584440003	3.8084103522153088
jalview	256	100	21.43736611144	15.686125584440003	3.8084103522153088
jalview	256	100	12.26928963144	15.686125584440003	3.8084103522153088
jalview	256	100	12.85391481744	15.686125584440003	3.8084103522153088
jalview	256	100	13.26506300744	15.686125584440003	3.8084103522153088
jalview	256	100	19.307665919439998	15.686125584440003	3.8084103522153088
jalview	256	100	12.83873534544	15.686125584440003	3.8084103522153088
jalview	256	100	14.81702491044	15.686125584440003	3.8084103522153088
jalview	256	100	13.74295152444	15.686125584440003	3.8084103522153088
jalview	262144	100	91.77574740106	90.72604511066	4.614250388129921
jalview	262144	100	94.23489109906001	90.72604511066	4.614250388129921
jalview	262144	100	98.15594398906	90.72604511066	4.614250388129921
jalview	262144	100	81.61970325606	90.72604511066	4.614250388129921
jalview	262144	100	88.64250968906	90.72604511066	4.614250388129921
jalview	262144	100	90.66176218606	90.72604511066	4.614250388129921
jalview	262144	100	88.82882825506	90.72604511066	4.614250388129921
jalview	262144	100	95.41052222306	90.72604511066	4.614250388129921
jalview	262144	100	90.37760437306001	90.72604511066	4.614250388129921
jalview	262144	100	87.55293863506	90.72604511066	4.614250388129921
jalview	32768	100	25.0055977583	27.554538735299996	3.6207687144512697
jalview	32768	100	22.3726651243	27.554538735299996	3.6207687144512697
jalview	32768	100	30.4057298293	27.554538735299996	3.6207687144512697
jalview	32768	100	22.7330780783	27.554538735299996	3.6207687144512697
jalview	32768	100	28.329806361299998	27.554538735299996	3.6207687144512697
jalview	32768	100	30.8476391843	27.554538735299996	3.6207687144512697
jalview	32768	100	31.1803790733	27.554538735299996	3.6207687144512697
jalview	32768	100	29.1968487913	27.554538735299996	3.6207687144512697
jalview	32768	100	24.1375784613	27.554538735299996	3.6207687144512697
jalview	32768	100	31.3360646913	27.554538735299996	3.6207687144512697
jalview	4096	100	22.53951665314	19.23582974104	3.6433966770990294
jalview	4096	100	22.99012207014	19.23582974104	3.6433966770990294
jalview	4096	100	21.46036646614	19.23582974104	3.6433966770990294
jalview	4096	100	15.36625557814	19.23582974104	3.6433966770990294
jalview	4096	100	20.45102715514	19.23582974104	3.6433966770990294
jalview	4096	100	14.67314359414	19.23582974104	3.6433966770990294
jalview	4096	100	14.94037016214	19.23582974104	3.6433966770990294
jalview	4096	100	15.61663396614	19.23582974104	3.6433966770990294
jalview	4096	100	20.82123638314	19.23582974104	3.6433966770990294
jalview	4096	100	23.49962538214	19.23582974104	3.6433966770990294
jalview	512	100	13.29159020416	15.298617861459999	3.4487521352726387
jalview	512	100	13.02973425816	15.298617861459999	3.4487521352726387
jalview	512	100	19.74283788716	15.298617861459999	3.4487521352726387
jalview	512	100	12.56590597016	15.298617861459999	3.4487521352726387
jalview	512	100	14.10087010916	15.298617861459999	3.4487521352726387
jalview	512	100	23.32141898916	15.298617861459999	3.4487521352726387
jalview	512	100	14.17777047316	15.298617861459999	3.4487521352726387
jalview	512	100	13.86212333616	15.298617861459999	3.4487521352726387
jalview	512	100	14.64676388116	15.298617861459999	3.4487521352726387
jalview	512	100	14.24716350616	15.298617861459999	3.4487521352726387
jalview	65536	100	44.76105543414	37.140036070239994	4.297687043754024
jalview	65536	100	35.952593261139995	37.140036070239994	4.297687043754024
jalview	65536	100	36.30579233114	37.140036070239994	4.297687043754024
jalview	65536	100	41.20739695914	37.140036070239994	4.297687043754024
jalview	65536	100	34.57002621314	37.140036070239994	4.297687043754024
jalview	65536	100	36.254945181139995	37.140036070239994	4.297687043754024
jalview	65536	100	37.52232909814	37.140036070239994	4.297687043754024
jalview	65536	100	29.87307455214	37.140036070239994	4.297687043754024
jalview	65536	100	33.673157477139995	37.140036070239994	4.297687043754024
jalview	65536	100	41.27999019514	37.140036070239994	4.297687043754024
jalview	8192	100	17.84100153438	19.38907112418	4.412336795892652
jalview	8192	100	24.522158459379998	19.38907112418	4.412336795892652
jalview	8192	100	24.08490889938	19.38907112418	4.412336795892652
jalview	8192	100	15.91927093038	19.38907112418	4.412336795892652
jalview	8192	100	25.247527066379998	19.38907112418	4.412336795892652
jalview	8192	100	15.53213675538	19.38907112418	4.412336795892652
jalview	8192	100	15.81615838538	19.38907112418	4.412336795892652
jalview	8192	100	23.90117653838	19.38907112418	4.412336795892652
jalview	8192	100	15.60183712738	19.38907112418	4.412336795892652
jalview	8192	100	15.42453554538	19.38907112418	4.412336795892652
reactmsaview	1024	100	1.4216001061	1.3536819545000003	0.04209529477931334
reactmsaview	1024	100	1.3532841531	1.3536819545000003	0.04209529477931334
reactmsaview	1024	100	1.3002059811000002	1.3536819545000003	0.04209529477931334
reactmsaview	1024	100	1.3922724911000002	1.3536819545000003	0.04209529477931334
reactmsaview	1024	100	1.3177717421000001	1.3536819545000003	0.04209529477931334
reactmsaview	1024	100	1.3952677711	1.3536819545000003	0.04209529477931334
reactmsaview	1024	100	1.3402147861	1.3536819545000003	0.04209529477931334
reactmsaview	1024	100	1.3248439661	1.3536819545000003	0.04209529477931334
reactmsaview	1024	100	1.3080881961000002	1.3536819545000003	0.04209529477931334
reactmsaview	1024	100	1.3832703521	1.3536819545000003	0.04209529477931334
reactmsaview	1048576	100	15.84775290668	15.53753970758	0.21155569762195173
reactmsaview	1048576	100	15.47860230668	15.53753970758	0.21155569762195173
reactmsaview	1048576	100	15.54095922168	15.53753970758	0.21155569762195173
reactmsaview	1048576	100	15.66291580568	15.53753970758	0.21155569762195173
reactmsaview	1048576	100	15.73464427468	15.53753970758	0.21155569762195173
reactmsaview	1048576	100	15.52886146468	15.53753970758	0.21155569762195173
reactmsaview	1048576	100	15.23343700268	15.53753970758	0.21155569762195173
reactmsaview	1048576	100	15.70067225668	15.53753970758	0.21155569762195173
reactmsaview	1048576	100	15.46154291768	15.53753970758	0.21155569762195173
reactmsaview	1048576	100	15.18600891868	15.53753970758	0.21155569762195173
reactmsaview	128	100	1.5710562813000002	1.4126289662000002	0.13887125292859517
reactmsaview	128	100	1.5483929563	1.4126289662000002	0.13887125292859517
reactmsaview	128	100	1.3796283933	1.4126289662000002	0.13887125292859517
reactmsaview	128	100	1.3632413563	1.4126289662000002	0.13887125292859517
reactmsaview	128	100	1.4436559663000001	1.4126289662000002	0.13887125292859517
reactmsaview	128	100	1.4382248563000002	1.4126289662000002	0.13887125292859517
reactmsaview	128	100	1.4282260283000001	1.4126289662000002	0.13887125292859517
reactmsaview	128	100	1.5731601923	1.4126289662000002	0.13887125292859517
reactmsaview	128	100	1.1959260693	1.4126289662000002	0.13887125292859517
reactmsaview	128	100	1.1847775623	1.4126289662000002	0.13887125292859517
reactmsaview	131072	100	3.15944189222	3.1767750724199995	0.05952341436586278
reactmsaview	131072	100	3.12996114622	3.1767750724199995	0.05952341436586278
reactmsaview	131072	100	3.12480518222	3.1767750724199995	0.05952341436586278
reactmsaview	131072	100	3.20929573322	3.1767750724199995	0.05952341436586278
reactmsaview	131072	100	3.20059572622	3.1767750724199995	0.05952341436586278
reactmsaview	131072	100	3.1757799742199997	3.1767750724199995	0.05952341436586278
reactmsaview	131072	100	3.09201715222	3.1767750724199995	0.05952341436586278
reactmsaview	131072	100	3.15728689622	3.1767750724199995	0.05952341436586278
reactmsaview	131072	100	3.30338279322	3.1767750724199995	0.05952341436586278
reactmsaview	131072	100	3.21518422822	3.1767750724199995	0.05952341436586278
reactmsaview	16384	100	1.6608837743	1.7125027909	0.06982604727886868
reactmsaview	16384	100	1.7324389123	1.7125027909	0.06982604727886868
reactmsaview	16384	100	1.8426220073	1.7125027909	0.06982604727886868
reactmsaview	16384	100	1.6982061142999998	1.7125027909	0.06982604727886868
reactmsaview	16384	100	1.6732284913	1.7125027909	0.06982604727886868
reactmsaview	16384	100	1.8225078043	1.7125027909	0.06982604727886868
reactmsaview	16384	100	1.7099717673	1.7125027909	0.06982604727886868
reactmsaview	16384	100	1.6368068222999999	1.7125027909	0.06982604727886868
reactmsaview	16384	100	1.7003225743	1.7125027909	0.06982604727886868
reactmsaview	16384	100	1.6480396412999998	1.7125027909	0.06982604727886868
reactmsaview	2048	100	1.73701444112	1.47139471212	0.11178412852212644
reactmsaview	2048	100	1.49394876512	1.47139471212	0.11178412852212644
reactmsaview	2048	100	1.4816905111199998	1.47139471212	0.11178412852212644
reactmsaview	2048	100	1.39927381512	1.47139471212	0.11178412852212644
reactmsaview	2048	100	1.55855312412	1.47139471212	0.11178412852212644
reactmsaview	2048	100	1.47573773912	1.47139471212	0.11178412852212644
reactmsaview	2048	100	1.3950844701199998	1.47139471212	0.11178412852212644
reactmsaview	2048	100	1.37246974012	1.47139471212	0.11178412852212644
reactmsaview	2048	100	1.36336594512	1.47139471212	0.11178412852212644
reactmsaview	2048	100	1.43680857012	1.47139471212	0.11178412852212644
reactmsaview	256	100	1.2759495575000002	1.3019668355	0.06920540854134413
reactmsaview	256	100	1.2902413255	1.3019668355	0.06920540854134413
reactmsaview	256	100	1.2297385835	1.3019668355	0.06920540854134413
reactmsaview	256	100	1.2742607965000001	1.3019668355	0.06920540854134413
reactmsaview	256	100	1.4043869465	1.3019668355	0.06920540854134413
reactmsaview	256	100	1.4155960975000002	1.3019668355	0.06920540854134413
reactmsaview	256	100	1.3496247625000002	1.3019668355	0.06920540854134413
reactmsaview	256	100	1.2215395085	1.3019668355	0.06920540854134413
reactmsaview	256	100	1.2396405065	1.3019668355	0.06920540854134413
reactmsaview	256	100	1.3186902705	1.3019668355	0.06920540854134413
reactmsaview	262144	100	4.88042982192	5.049122890919999	0.13179481552584144
reactmsaview	262144	100	4.814328650919999	5.049122890919999	0.13179481552584144
reactmsaview	262144	100	5.28412955192	5.049122890919999	0.13179481552584144
reactmsaview	262144	100	5.05065007292	5.049122890919999	0.13179481552584144
reactmsaview	262144	100	5.04889205692	5.049122890919999	0.13179481552584144
reactmsaview	262144	100	5.10393883392	5.049122890919999	0.13179481552584144
reactmsaview	262144	100	5.0931469819199995	5.049122890919999	0.13179481552584144
reactmsaview	262144	100	5.086123927919999	5.049122890919999	0.13179481552584144
reactmsaview	262144	100	4.99161843792	5.049122890919999	0.13179481552584144
reactmsaview	262144	100	5.13797057292	5.049122890919999	0.13179481552584144
reactmsaview	32768	100	2.02352073602	1.90206881752	0.08142466277466599
reactmsaview	32768	100	1.89600243502	1.90206881752	0.08142466277466599
reactmsaview	32768	100	1.84775376502	1.90206881752	0.08142466277466599
reactmsaview	32768	100	1.90150946102	1.90206881752	0.08142466277466599
reactmsaview	32768	100	1.8229202200199999	1.90206881752	0.08142466277466599
reactmsaview	32768	100	1.82599287102	1.90206881752	0.08142466277466599
reactmsaview	32768	100	1.85004276502	1.90206881752	0.08142466277466599
reactmsaview	32768	100	1.89318473702	1.90206881752	0.08142466277466599
reactmsaview	32768	100	2.06643965402	1.90206881752	0.08142466277466599
reactmsaview	32768	100	1.89332153102	1.90206881752	0.08142466277466599
reactmsaview	4096	100	1.6805188686399999	1.5222483130400002	0.09326503510035832
reactmsaview	4096	100	1.5603125556400002	1.5222483130400002	0.09326503510035832
reactmsaview	4096	100	1.56333440564	1.5222483130400002	0.09326503510035832
reactmsaview	4096	100	1.44972990364	1.5222483130400002	0.09326503510035832
reactmsaview	4096	100	1.66551974164	1.5222483130400002	0.09326503510035832
reactmsaview	4096	100	1.45696585464	1.5222483130400002	0.09326503510035832
reactmsaview	4096	100	1.41553804864	1.5222483130400002	0.09326503510035832
reactmsaview	4096	100	1.44423173164	1.5222483130400002	0.09326503510035832
reactmsaview	4096	100	1.51421510864	1.5222483130400002	0.09326503510035832
reactmsaview	4096	100	1.47211691164	1.5222483130400002	0.09326503510035832
reactmsaview	512	100	1.3215087895800002	1.3452827203800004	0.05724699207665824
reactmsaview	512	100	1.3398516885800003	1.3452827203800004	0.05724699207665824
reactmsaview	512	100	1.4786115135800002	1.3452827203800004	0.05724699207665824
reactmsaview	512	100	1.3469527685800002	1.3452827203800004	0.05724699207665824
reactmsaview	512	100	1.2654803575800002	1.3452827203800004	0.05724699207665824
reactmsaview	512	100	1.30651844258	1.3452827203800004	0.05724699207665824
reactmsaview	512	100	1.32231220858	1.3452827203800004	0.05724699207665824
reactmsaview	512	100	1.3903966465800002	1.3452827203800004	0.05724699207665824
reactmsaview	512	100	1.32266684458	1.3452827203800004	0.05724699207665824
reactmsaview	512	100	1.3585279435800002	1.3452827203800004	0.05724699207665824
reactmsaview	524288	100	8.30313687544	8.24960808994	0.14806305741299167
reactmsaview	524288	100	8.19513581244	8.24960808994	0.14806305741299167
reactmsaview	524288	100	8.34024092744	8.24960808994	0.14806305741299167
reactmsaview	524288	100	8.15929194544	8.24960808994	0.14806305741299167
reactmsaview	524288	100	8.40163311644	8.24960808994	0.14806305741299167
reactmsaview	524288	100	8.34706461644	8.24960808994	0.14806305741299167
reactmsaview	524288	100	8.06004008844	8.24960808994	0.14806305741299167
reactmsaview	524288	100	8.43965354744	8.24960808994	0.14806305741299167
reactmsaview	524288	100	8.26521703944	8.24960808994	0.14806305741299167
reactmsaview	524288	100	7.98466693044	8.24960808994	0.14806305741299167
reactmsaview	65536	100	2.44299350426	2.3993862525600003	0.067196251798638
reactmsaview	65536	100	2.3849277562599998	2.3993862525600003	0.067196251798638
reactmsaview	65536	100	2.48884615426	2.3993862525600003	0.067196251798638
reactmsaview	65536	100	2.38866774726	2.3993862525600003	0.067196251798638
reactmsaview	65536	100	2.25712216426	2.3993862525600003	0.067196251798638
reactmsaview	65536	100	2.42831776026	2.3993862525600003	0.067196251798638
reactmsaview	65536	100	2.46735059526	2.3993862525600003	0.067196251798638
reactmsaview	65536	100	2.42514552526	2.3993862525600003	0.067196251798638
reactmsaview	65536	100	2.34647506926	2.3993862525600003	0.067196251798638
reactmsaview	65536	100	2.36401624926	2.3993862525600003	0.067196251798638
reactmsaview	8192	100	1.5774237673	1.5163229264	0.06316632007753302
reactmsaview	8192	100	1.5180982353	1.5163229264	0.06316632007753302
reactmsaview	8192	100	1.6419529143	1.5163229264	0.06316632007753302
reactmsaview	8192	100	1.4545071433	1.5163229264	0.06316632007753302
reactmsaview	8192	100	1.4933421673	1.5163229264	0.06316632007753302
reactmsaview	8192	100	1.5524979373	1.5163229264	0.06316632007753302
reactmsaview	8192	100	1.4923130653	1.5163229264	0.06316632007753302
reactmsaview	8192	100	1.5391720513	1.5163229264	0.06316632007753302
reactmsaview	8192	100	1.4493949003	1.5163229264	0.06316632007753302
reactmsaview	8192	100	1.4445270823	1.5163229264	0.06316632007753302
wasabi	1024	100	5.71557381778	5.923867058280001	0.4465015098656707
wasabi	1024	100	6.40192243778	5.923867058280001	0.4465015098656707
wasabi	1024	100	5.00647337778	5.923867058280001	0.4465015098656707
wasabi	1024	100	5.41557318278	5.923867058280001	0.4465015098656707
wasabi	1024	100	5.90454946078	5.923867058280001	0.4465015098656707
wasabi	1024	100	6.01590835478	5.923867058280001	0.4465015098656707
wasabi	1024	100	6.21940626378	5.923867058280001	0.4465015098656707
wasabi	1024	100	5.94374334878	5.923867058280001	0.4465015098656707
wasabi	1024	100	6.43234836278	5.923867058280001	0.4465015098656707
wasabi	1024	100	6.18317197578	5.923867058280001	0.4465015098656707
wasabi	1048576	100	83.49033149556	84.62443282986001	20.479674181132008
wasabi	1048576	100	115.15142529356001	84.62443282986001	20.479674181132008
wasabi	1048576	100	87.56133873256	84.62443282986001	20.479674181132008
wasabi	1048576	100	78.63531278256	84.62443282986001	20.479674181132008
wasabi	1048576	100	77.68706522756	84.62443282986001	20.479674181132008
wasabi	1048576	100	64.10001805656	84.62443282986001	20.479674181132008
wasabi	1048576	100	61.48513187756	84.62443282986001	20.479674181132008
wasabi	1048576	100	74.63125211656	84.62443282986001	20.479674181132008
wasabi	1048576	100	78.23791770456	84.62443282986001	20.479674181132008
wasabi	128	100	5.4771500688799994	5.596468099979999	0.3350420788551683
wasabi	128	100	5.77142605488	5.596468099979999	0.3350420788551683
wasabi	128	100	5.75717060688	5.596468099979999	0.3350420788551683
wasabi	128	100	6.06712726488	5.596468099979999	0.3350420788551683
wasabi	128	100	5.31848551688	5.596468099979999	0.3350420788551683
wasabi	128	100	5.32405206488	5.596468099979999	0.3350420788551683
wasabi	128	100	4.98833635188	5.596468099979999	0.3350420788551683
wasabi	128	100	5.46879302288	5.596468099979999	0.3350420788551683
wasabi	128	100	5.91790738888	5.596468099979999	0.3350420788551683
wasabi	128	100	5.87423265888	5.596468099979999	0.3350420788551683
wasabi	131072	100	32.64275122074	21.46245477354	7.25880217074201
wasabi	131072	100	25.14652674874	21.46245477354	7.25880217074201
wasabi	131072	100	25.044172355740002	21.46245477354	7.25880217074201
wasabi	131072	100	12.17914128774	21.46245477354	7.25880217074201
wasabi	131072	100	13.32411694374	21.46245477354	7.25880217074201
wasabi	131072	100	14.91470064974	21.46245477354	7.25880217074201
wasabi	131072	100	24.612891854740003	21.46245477354	7.25880217074201
wasabi	131072	100	26.21111465174	21.46245477354	7.25880217074201
wasabi	131072	100	27.065333454740003	21.46245477354	7.25880217074201
wasabi	131072	100	13.48379856774	21.46245477354	7.25880217074201
wasabi	16384	100	7.85672936766	11.298181473260001	3.2479026479352924
wasabi	16384	100	14.88728006866	11.298181473260001	3.2479026479352924
wasabi	16384	100	13.18286142866	11.298181473260001	3.2479026479352924
wasabi	16384	100	13.99305115766	11.298181473260001	3.2479026479352924
wasabi	16384	100	8.04493982166	11.298181473260001	3.2479026479352924
wasabi	16384	100	13.87552608466	11.298181473260001	3.2479026479352924
wasabi	16384	100	8.37747234266	11.298181473260001	3.2479026479352924
wasabi	16384	100	15.33821196066	11.298181473260001	3.2479026479352924
wasabi	16384	100	7.30682191466	11.298181473260001	3.2479026479352924
wasabi	16384	100	10.11892058566	11.298181473260001	3.2479026479352924
wasabi	2048	100	6.1947976853	6.5212042888	0.7835493462158375
wasabi	2048	100	7.0996711983	6.5212042888	0.7835493462158375
wasabi	2048	100	7.1816314933	6.5212042888	0.7835493462158375
wasabi	2048	100	6.7193095173	6.5212042888	0.7835493462158375
wasabi	2048	100	6.2455689393	6.5212042888	0.7835493462158375
wasabi	2048	100	4.9883652373	6.5212042888	0.7835493462158375
wasabi	2048	100	6.1912474773	6.5212042888	0.7835493462158375
wasabi	2048	100	5.7925666413000005	6.5212042888	0.7835493462158375
wasabi	2048	100	7.421939983300001	6.5212042888	0.7835493462158375
wasabi	2048	100	7.3769447153000005	6.5212042888	0.7835493462158375
wasabi	256	100	4.52905313872	5.81504160042	0.7312256569200053
wasabi	256	100	6.45442182572	5.81504160042	0.7312256569200053
wasabi	256	100	5.74731952472	5.81504160042	0.7312256569200053
wasabi	256	100	5.72261137672	5.81504160042	0.7312256569200053
wasabi	256	100	5.85900393872	5.81504160042	0.7312256569200053
wasabi	256	100	4.72355248272	5.81504160042	0.7312256569200053
wasabi	256	100	5.86156588572	5.81504160042	0.7312256569200053
wasabi	256	100	6.52199364772	5.81504160042	0.7312256569200053
wasabi	256	100	5.89886573072	5.81504160042	0.7312256569200053
wasabi	256	100	6.83202845272	5.81504160042	0.7312256569200053
wasabi	262144	100	31.5439841719	29.98589352260001	6.558229360461324
wasabi	262144	100	35.3611962649	29.98589352260001	6.558229360461324
wasabi	262144	100	32.908026128900005	29.98589352260001	6.558229360461324
wasabi	262144	100	22.7576529289	29.98589352260001	6.558229360461324
wasabi	262144	100	19.763243712900003	29.98589352260001	6.558229360461324
wasabi	262144	100	35.2350988979	29.98589352260001	6.558229360461324
wasabi	262144	100	35.9444960089	29.98589352260001	6.558229360461324
wasabi	262144	100	19.8026115559	29.98589352260001	6.558229360461324
wasabi	262144	100	34.304909225900005	29.98589352260001	6.558229360461324
wasabi	262144	100	32.2377163299	29.98589352260001	6.558229360461324
wasabi	32768	100	6.8127053012	13.1116155815	5.67890130261965
wasabi	32768	100	19.8682247402	13.1116155815	5.67890130261965
wasabi	32768	100	18.8250814252	13.1116155815	5.67890130261965
wasabi	32768	100	18.819189471199998	13.1116155815	5.67890130261965
wasabi	32768	100	8.1507846352	13.1116155815	5.67890130261965
wasabi	32768	100	16.789977358199998	13.1116155815	5.67890130261965
wasabi	32768	100	8.3145246792	13.1116155815	5.67890130261965
wasabi	32768	100	7.332099589199999	13.1116155815	5.67890130261965
wasabi	32768	100	17.8528832212	13.1116155815	5.67890130261965
wasabi	32768	100	8.350685394200001	13.1116155815	5.67890130261965
wasabi	4096	100	5.8563336251	8.0732828717	1.2416785646285664
wasabi	4096	100	9.1635801261	8.0732828717	1.2416785646285664
wasabi	4096	100	6.875995892100001	8.0732828717	1.2416785646285664
wasabi	4096	100	7.9276603381	8.0732828717	1.2416785646285664
wasabi	4096	100	9.7549996221	8.0732828717	1.2416785646285664
wasabi	4096	100	8.0532906991	8.0732828717	1.2416785646285664
wasabi	4096	100	9.6454190731	8.0732828717	1.2416785646285664
wasabi	4096	100	8.4052763071	8.0732828717	1.2416785646285664
wasabi	4096	100	7.1338277021000005	8.0732828717	1.2416785646285664
wasabi	4096	100	7.9164453321	8.0732828717	1.2416785646285664
wasabi	512	100	6.04462526176	5.95272770376	0.3349637226781777
wasabi	512	100	5.83236082176	5.95272770376	0.3349637226781777
wasabi	512	100	5.88931385376	5.95272770376	0.3349637226781777
wasabi	512	100	6.1374506567600005	5.95272770376	0.3349637226781777
wasabi	512	100	5.84300351176	5.95272770376	0.3349637226781777
wasabi	512	100	5.84658000676	5.95272770376	0.3349637226781777
wasabi	512	100	6.67288984276	5.95272770376	0.3349637226781777
wasabi	512	100	5.60641248676	5.95272770376	0.3349637226781777
wasabi	512	100	6.18467203176	5.95272770376	0.3349637226781777
wasabi	512	100	5.46996856376	5.95272770376	0.3349637226781777
wasabi	524288	100	32.046603057759995	44.24664422786	11.801453461637541
wasabi	524288	100	58.22064367376	44.24664422786	11.801453461637541
wasabi	524288	100	33.71343894076	44.24664422786	11.801453461637541
wasabi	524288	100	56.84062089276	44.24664422786	11.801453461637541
wasabi	524288	100	36.331503665759996	44.24664422786	11.801453461637541
wasabi	524288	100	56.12648920476	44.24664422786	11.801453461637541
wasabi	524288	100	45.68459035976	44.24664422786	11.801453461637541
wasabi	524288	100	32.03845979976	44.24664422786	11.801453461637541
wasabi	524288	100	57.57472225476	44.24664422786	11.801453461637541
wasabi	524288	100	33.889370428759996	44.24664422786	11.801453461637541
wasabi	65536	100	20.64559359162	13.74332966882	5.333976405865491
wasabi	65536	100	9.21848218262	13.74332966882	5.333976405865491
wasabi	65536	100	9.73095810062	13.74332966882	5.333976405865491
wasabi	65536	100	9.99962416062	13.74332966882	5.333976405865491
wasabi	65536	100	8.57664758462	13.74332966882	5.333976405865491
wasabi	65536	100	19.43287119962	13.74332966882	5.333976405865491
wasabi	65536	100	19.94925170862	13.74332966882	5.333976405865491
wasabi	65536	100	10.484907749620001	13.74332966882	5.333976405865491
wasabi	65536	100	9.80796513362	13.74332966882	5.333976405865491
wasabi	65536	100	19.586995276619998	13.74332966882	5.333976405865491
wasabi	8192	100	6.3862519309	7.724026179100001	1.9195943740868813
wasabi	8192	100	7.2375408899	7.724026179100001	1.9195943740868813
wasabi	8192	100	6.4997022139	7.724026179100001	1.9195943740868813
wasabi	8192	100	6.6023862059	7.724026179100001	1.9195943740868813
wasabi	8192	100	10.2840154799	7.724026179100001	1.9195943740868813
wasabi	8192	100	6.5702349569	7.724026179100001	1.9195943740868813
wasabi	8192	100	10.305771851900001	7.724026179100001	1.9195943740868813
wasabi	8192	100	6.6949853379	7.724026179100001	1.9195943740868813
wasabi	8192	100	10.7829970659	7.724026179100001	1.9195943740868813
wasabi	8192	100	5.8763758579	7.724026179100001	1.9195943740868813
